<TICKER>;<PER>;<DATE>;<TIME>;<OPEN>;<HIGH>;<LOW>;<CLOSE>;<VOL>
USDRUB;D;220102;000000;74.7813;76.7325;74.6768;74.7545;368
USDRUB;D;220103;000000;74.7035;75.215;74.11;74.549;272432
USDRUB;D;220104;000000;74.5496;75.57993;74.135;75.2994;412535
USDRUB;D;220105;000000;76.6688;76.6688;76.6688;76.6688;0
USDRUB;D;220106;000000;76.5681;77.33;75.958;76.2934;658073
USDRUB;D;220107;000000;76.3214;76.5178;75.0494;75.7251;366861
USDRUB;D;220109;000000;75.7264;75.86;75.366;75.5988;554
USDRUB;D;220110;000000;75.366;75.99;74.692;74.764;846490
USDRUB;D;220111;000000;75.2142;75.278;74.195;74.384;752128
USDRUB;D;220112;000000;74.494;74.938;74.224;74.528;694955
USDRUB;D;220113;000000;74.529;76.686;74.394;76.2575;781084
USDRUB;D;220114;000000;76.365105;76.365105;76.365105;76.365105;0
USDRUB;D;220116;000000;76.2303;76.5665;76.125;76.448;539
USDRUB;D;220117;000000;76.69;76.69;76.69;76.69;0
USDRUB;D;220118;000000;76.1627;77.297;75.501;76.8433;889898
USDRUB;D;220119;000000;76.9269;77.149;75.781;76.156;868432
USDRUB;D;220120;000000;76.156;76.8868;75.891;76.7701;706732
USDRUB;D;220121;000000;77.74;77.74;77.74;77.74;0
USDRUB;D;220123;000000;77.58;77.6189;77.108;77.4118;1114
USDRUB;D;220124;000000;77.4167;79.504;76.934;78.6832;1085752
USDRUB;D;220125;000000;78.6338;79.3467;78.198;78.7197;842946
USDRUB;D;220126;000000;78.7234;80.40711;78.462;79.3659;843821
USDRUB;D;220127;000000;79.3658;79.845;77.34;78.0155;856702
USDRUB;D;220128;000000;77.934;77.9373;77.934;77.9373;2
USDRUB;D;220130;000000;78.075;78.2063;77.7358;77.9281;390
USDRUB;D;220131;000000;77.9275;78.1902;77.018;77.155;521383
USDRUB;D;220201;000000;76.8376;76.8384;76.747;76.765;33
USDRUB;D;220202;000000;76.6734;76.898;75.625;76.1212;624471
USDRUB;D;220203;000000;76.1214;76.81879;75.92;76.4683;644088
USDRUB;D;220204;000000;75.44;75.44;75.44;75.44;0
USDRUB;D;220206;000000;75.7458;76.363;75.584;76.095;118
USDRUB;D;220207;000000;75.9722;76.555;75.088;75.4234;477659
USDRUB;D;220208;000000;75.4302;75.75;74.818;75.128;539570
USDRUB;D;220209;000000;75.0512;75.236;74.442;74.57;488781
USDRUB;D;220210;000000;74.654;75.1284;74.2134;74.86;682505
USDRUB;D;220211;000000;75.0196;77.79;74.7616;77.2928;807108
USDRUB;D;220213;000000;77.075;77.64;77.075;77.5693;390
USDRUB;D;220214;000000;77.5723;78.1747;75.911;76.4733;1071320
USDRUB;D;220215;000000;76.4739;77.011;75.069;75.4773;864788
USDRUB;D;220216;000000;75.405;75.7062;74.7825;75.0684;845290
USDRUB;D;220217;000000;76.2508;76.2508;76.2508;76.2508;0
USDRUB;D;220218;000000;77.3489;77.3489;77.3489;77.3489;0
USDRUB;D;220220;000000;77.164;78.203;77.164;78.0533;494
USDRUB;D;220221;000000;77.913;80.5818;76.1;80.3536;1154802
USDRUB;D;220222;000000;80.3563;80.96418;78.442;78.8413;853964
USDRUB;D;220223;000000;78.694;78.694;78.694;78.694;1
USDRUB;D;220224;000000;81.121;89.994;80.487;84.9539;115289
USDRUB;D;220225;000000;85.3165;85.3165;83.8608;83.8608;1
USDRUB;D;220227;000000;83.28;84;83.28;83.9043;37
USDRUB;D;220228;000000;83.9089;110.5;83.28;104.2585;12470
USDRUB;D;220301;000000;104.2605;117.0465;89.397;108.4769;6603
USDRUB;D;220302;000000;103.3505;103.3505;103.3505;103.3505;0
USDRUB;D;220303;000000;101.25;118.675;96.75;108.75;9146
USDRUB;D;220304;000000;121.7875;121.7875;121.7875;121.7875;0
USDRUB;D;220306;000000;121.7875;122.4875;121.7875;121.7875;6
USDRUB;D;220307;000000;138.25;138.25;138.25;138.25;0
USDRUB;D;220308;000000;125;125;125;125;0
USDRUB;D;220309;000000;125.5;138.25;115.297;133.5;1804
USDRUB;D;220310;000000;128.5;138.25;115.7185;129.5;5394
USDRUB;D;220311;000000;128;134.25;112.097;133.25;1347
USDRUB;D;220313;000000;128;132.9936;128;132.9316;16
USDRUB;D;220314;000000;117.25;117.25;117.25;117.25;1
USDRUB;D;220315;000000;104.75;104.75;104.75;104.75;0
USDRUB;D;220316;000000;108.75;109;93.75;95.75;2441
USDRUB;D;220317;000000;102;102;102;102;0
USDRUB;D;220318;000000;103;103;103;103;0
USDRUB;D;220320;000000;101.1248;101.1248;100.35;101.0982;10
USDRUB;D;220321;000000;105.9;105.9;105.9;105.9;0
USDRUB;D;220322;000000;103.3;107.75;101.5;105.9931;2228
USDRUB;D;220323;000000;95.25;95.25;95.25;95.25;0
USDRUB;D;220324;000000;97.75;102.2572;94.625;102.2056;475
USDRUB;D;220325;000000;101.25;101.25;101.25;101.25;0
USDRUB;D;220327;000000;100.125;100.9007;99.375;100.9007;19
USDRUB;D;220328;000000;94.5;94.5;94.5;94.5;0
USDRUB;D;220329;000000;85;85;85;85;0
USDRUB;D;220330;000000;84.2;84.8724;83.4902;83.4902;4
USDRUB;D;220331;000000;81.7387;81.7387;81.7387;81.7387;0
USDRUB;D;220401;000000;82.771;85;81.75;85;6
USDRUB;D;220403;000000;83.5;84.0186;80.05;82.75;30
USDRUB;D;220404;000000;83.882;83.882;83.2476;83.2476;2
USDRUB;D;220405;000000;82.75;85.3935;81.625;83.9925;732
USDRUB;D;220406;000000;82.1117;82.1117;82.1117;82.1117;0
USDRUB;D;220407;000000;79.881;79.892;79.2467;79.2467;3
USDRUB;D;220408;000000;79.5;79.5;79.5;79.5;0
USDRUB;D;220410;000000;78.35;80.3598;78.35;80.25;19
USDRUB;D;220411;000000;83.4979;83.4979;83.4979;83.4979;0
USDRUB;D;220412;000000;85.3613;85.3613;85.3613;85.3613;0
USDRUB;D;220413;000000;82.4;82.4;82.4;82.4;0
USDRUB;D;220414;000000;81.875;81.875;81.875;81.875;0
USDRUB;D;220415;000000;82.75;82.75;82.75;82.75;0
USDRUB;D;220417;000000;82.25;82.75;81.25;82.75;7
USDRUB;D;220418;000000;80.375;80.375;80.375;80.375;0
USDRUB;D;220419;000000;80.375;80.7449;80;80.7449;5
USDRUB;D;220420;000000;80;84.374;79.05;82.25;1483
USDRUB;D;220421;000000;80.8775;80.8775;80.8775;80.8775;0
USDRUB;D;220422;000000;76.625;76.625;76.625;76.625;0
USDRUB;D;220424;000000;76.875;77.3864;76.625;76.625;17
USDRUB;D;220425;000000;75.149;75.149;75.149;75.149;0
USDRUB;D;220426;000000;74.248;74.248;74.248;74.248;0
USDRUB;D;220427;000000;75.25;75.7325;71.275;73.881;1204
USDRUB;D;220428;000000;72.7515;72.7515;72.7515;72.7515;0
USDRUB;D;220429;000000;70.6;70.6;70.6;70.6;0
USDRUB;D;220502;000000;70.5749;70.5749;70.5749;70.5749;0
USDRUB;D;220503;000000;68.251;68.251;68.251;68.251;0
USDRUB;D;220504;000000;66.4872;66.4872;66.4872;66.4872;0
USDRUB;D;220505;000000;64.775;64.775;64.775;64.775;0
USDRUB;D;220506;000000;67.5;67.5;67.5;67.5;0
USDRUB;D;220509;000000;70.1158;70.1158;70.1158;70.1158;0
USDRUB;D;220510;000000;68.749;70.1212;68.749;70.1212;1
USDRUB;D;220511;000000;66.7325;66.7325;66.7325;66.7325;0
USDRUB;D;220512;000000;66.0005;67;63;65.1145;1078
USDRUB;D;220513;000000;64.5;64.5;64.5;64.5;0
USDRUB;D;220516;000000;63.875;63.875;63.875;63.875;0
USDRUB;D;220517;000000;65.475;65.475;65.475;65.475;0
USDRUB;D;220518;000000;64.7442;64.7442;64.7442;64.7442;0
USDRUB;D;220519;000000;64;64.875;59.235;62.1176;1357
USDRUB;D;220520;000000;61.25;61.25;61.25;61.25;0
USDRUB;D;220522;000000;60.125;60.8947;60;60.8394;19
USDRUB;D;220523;000000;59.985;60.533;55.375;58.5856;1241
USDRUB;D;220524;000000;56.375;56.375;56.375;56.375;0
USDRUB;D;220525;000000;59.589;59.589;59.589;59.589;0
USDRUB;D;220526;000000;63.925;63.925;63.925;63.925;0
USDRUB;D;220527;000000;65.75;65.75;65.75;65.75;0
USDRUB;D;220529;000000;65.75;65.75;65.75;65.75;4
USDRUB;D;220530;000000;63.9931;63.9931;63.9931;63.9931;0
USDRUB;D;220531;000000;62;62;62;62;0
USDRUB;D;220601;000000;62.75;62.75;62.75;62.75;0
USDRUB;D;220602;000000;63.75;64.033;61;62.75;585
USDRUB;D;220603;000000;62.61;62.61;62.61;62.61;0
USDRUB;D;220605;000000;63.25;63.257;62.25;63;18
USDRUB;D;220606;000000;60.875;60.875;60.875;60.875;0
USDRUB;D;220607;000000;61;61;61;61;0
USDRUB;D;220608;000000;60.24;60.24;60.24;60.24;0
USDRUB;D;220609;000000;60.2475;60.2475;55.375;58.0124;1118
USDRUB;D;220610;000000;55.125;55.125;55.125;55.125;0
USDRUB;D;220612;000000;57.5;57.5;57.5;57.5;3
USDRUB;D;220613;000000;57.5;58.187;55.7875;57.4804;936
USDRUB;D;220614;000000;58;58;58;58;0
USDRUB;D;220615;000000;57.2281;57.2281;57.2281;57.2281;0
USDRUB;D;220616;000000;58.4969;58.4969;58.4969;58.4969;0
USDRUB;D;220617;000000;56.5;56.5;56.5;56.5;0
USDRUB;D;220619;000000;56;56.501;56;56;7
USDRUB;D;220620;000000;54.75;54.75;54.75;54.75;0
USDRUB;D;220621;000000;55.6944;55.915;53.125;53.125;45
USDRUB;D;220622;000000;54;54;54;54;0
USDRUB;D;220623;000000;53.9974;53.9974;53.9974;53.9974;0
USDRUB;D;220624;000000;53.6;53.6;53.6;53.6;0
USDRUB;D;220626;000000;52.65;53.3983;52.65;53.3708;15
USDRUB;D;220627;000000;53.1;53.1;53.1;53.1;0
USDRUB;D;220628;000000;53.1;53.833;52.675;53;106
USDRUB;D;220629;000000;51.9806;51.9806;51.9806;51.9806;0
USDRUB;D;220630;000000;54.25;54.25;54.25;54.25;0
USDRUB;D;220701;000000;54.65;55.25;54.65;55.25;1
USDRUB;D;220703;000000;53.9999;53.9999;53.9433;53.9495;12
USDRUB;D;220704;000000;55.25;55.25;55.25;55.25;0
USDRUB;D;220705;000000;61.75;61.75;61.75;61.75;0
USDRUB;D;220706;000000;62.75;62.75;62.75;62.75;0
USDRUB;D;220707;000000;63.061;63.061;63.061;63.061;0
USDRUB;D;220708;000000;63;63;63;63;0
USDRUB;D;220710;000000;64.15;64.9087;64.15;64.9074;13
USDRUB;D;220711;000000;64.25;64.25;64.25;64.25;0
USDRUB;D;220712;000000;58.4175;58.4175;58.4175;58.4175;0
USDRUB;D;220713;000000;58.4689;58.4689;58.4689;58.4689;0
USDRUB;D;220714;000000;59.205;59.205;59.205;59.205;0
USDRUB;D;220715;000000;55.75;55.75;55.75;55.75;0
USDRUB;D;220717;000000;55.5;55.5;55.5;55.5;10
USDRUB;D;220718;000000;56.9926;56.9926;56.9926;56.9926;0
USDRUB;D;220719;000000;56;56.493;55.2;56.493;4
USDRUB;D;220720;000000;55.35;55.35;54.25;54.25;1
USDRUB;D;220721;000000;57.9908;57.9908;57.9908;57.9908;0
USDRUB;D;220722;000000;57.925;57.925;57.925;57.925;0
USDRUB;D;220724;000000;58.1206;58.1206;58.1206;58.1206;1
USDRUB;D;220725;000000;58.4864;58.4864;58.4864;58.4864;0
USDRUB;D;220726;000000;60.1138;60.1138;60.1138;60.1138;0
USDRUB;D;220727;000000;59.3476;59.3476;59.3476;59.3476;0
USDRUB;D;220728;000000;60.725;61.75;60.725;61.75;3
USDRUB;D;220729;000000;61.5;61.5;61.5;61.5;0
USDRUB;D;220731;000000;61.5;62.2389;59.875;61.5;6
USDRUB;D;220801;000000;63.65;63.65;60.75;60.75;1
USDRUB;D;220802;000000;60.7414;60.7414;60.7414;60.7414;0
USDRUB;D;220803;000000;62.05;62.05;62.05;62.05;0
USDRUB;D;220804;000000;60.687;61.8456;60.2483;61.8456;2
USDRUB;D;220805;000000;60.5349;60.5349;60.5349;60.5349;0
USDRUB;D;220807;000000;60.5;60.528;60.475;60.5153;42
USDRUB;D;220808;000000;61.125;61.125;61.125;61.125;0
USDRUB;D;220809;000000;60.4673;60.4673;60.4673;60.4673;0
USDRUB;D;220810;000000;60.4675;61.55;59.725;61.5024;1295
USDRUB;D;220811;000000;60.385;61.802;59.6;60.6188;1117
USDRUB;D;220812;000000;60.75;60.75;60.75;60.75;0
USDRUB;D;220814;000000;60.75;61.5011;60.75;61.5011;22
USDRUB;D;220815;000000;61.4928;61.4928;61.4928;61.4928;0
USDRUB;D;220816;000000;61.4925;61.4925;61.4925;61.4925;0
USDRUB;D;220817;000000;60.4849;60.4849;60.4849;60.4849;0
USDRUB;D;220818;000000;58.875;59.9985;58.875;59.9985;1
USDRUB;D;220819;000000;58.75;58.75;58.75;58.75;0
USDRUB;D;220821;000000;58.75;59.4963;58.75;59.4858;15
USDRUB;D;220822;000000;59.9395;59.9395;59.9395;59.9395;1
USDRUB;D;220823;000000;59.535;60.3881;58;59.5;628
USDRUB;D;220824;000000;60;60.362;58.95;59.8105;1106
USDRUB;D;220825;000000;59.8185;60.625;59;60.15;1014
USDRUB;D;220826;000000;59.55;59.55;59.55;59.55;0
USDRUB;D;220828;000000;59.55;60.2987;59.55;60.2923;20
USDRUB;D;220829;000000;59.875;62.3;59.7495;61.75;476
USDRUB;D;220830;000000;60.25;61.399;59.25;59.9679;939
USDRUB;D;220831;000000;59;59;59;59;0
USDRUB;D;220901;000000;60.2057;60.75;58.17;59.46;792
USDRUB;D;220902;000000;60.2562;60.2562;60.2562;60.2562;0
USDRUB;D;220904;000000;60.235;60.8;59.17;60.2988;41
USDRUB;D;220905;000000;60.9985;60.9985;60.9985;60.9985;0
USDRUB;D;220906;000000;61.2638;61.2638;61.2638;61.2638;0
USDRUB;D;220907;000000;60.05;60.05;60.05;60.05;0
USDRUB;D;220908;000000;61.4944;61.4944;61.4944;61.4944;0
USDRUB;D;220909;000000;59.78;59.78;59.78;59.78;0
USDRUB;D;220911;000000;59.785;60.5;59.785;60.0713;9
USDRUB;D;220912;000000;60.8;61.325;59.2;59.32;1001
USDRUB;D;220913;000000;59.4982;59.4982;59.4982;59.4982;0
USDRUB;D;220914;000000;59.95;61.86;58.525;59.7118;1343
USDRUB;D;220915;000000;59.585;59.585;59.585;59.585;0
USDRUB;D;220916;000000;59.75;59.75;59.75;59.75;0
USDRUB;D;220919;000000;60.0685;60.0685;60.0685;60.0685;0
USDRUB;D;220920;000000;60.65;60.65;60.65;60.65;0
USDRUB;D;220921;000000;61.5858;61.5858;61.5858;61.5858;0
USDRUB;D;220922;000000;59.725;59.9009;59.725;59.9009;1
USDRUB;D;220923;000000;56.87;56.87;56.87;56.87;0
USDRUB;D;220925;000000;57.051;57.051;56;56.5;6
USDRUB;D;220926;000000;57.985;58.4908;57.985;58.4908;4
USDRUB;D;220927;000000;58.8969;58.8969;58.8969;58.8969;0
USDRUB;D;220928;000000;57.8826;57.8826;57.8826;57.8826;0
USDRUB;D;220929;000000;56;56;56;56;0
USDRUB;D;220930;000000;59.2;59.2;59.2;59.2;0
USDRUB;D;221002;000000;59.2;60.2847;59.2;60.2238;20
USDRUB;D;221003;000000;59.25;59.25;59.25;59.25;0
USDRUB;D;221004;000000;59.0188;59.0188;58.525;58.525;3
USDRUB;D;221005;000000;60;60;60;60;0
USDRUB;D;221006;000000;60.75;60.75;60.75;60.75;0
USDRUB;D;221007;000000;61.397;61.397;60.95;60.95;1
USDRUB;D;221010;000000;63.06;63.06;63.06;63.06;0
USDRUB;D;221011;000000;65.4919;65.4919;65.4919;65.4919;0
USDRUB;D;221012;000000;64.166;64.925;63.15;63.8;449
USDRUB;D;221013;000000;63.9923;63.9923;63.9923;63.9923;0
USDRUB;D;221014;000000;61.9;61.9;61.9;61.9;0
USDRUB;D;221016;000000;61.15;61.15;61.15;61.15;1
USDRUB;D;221017;000000;61.05;61.05;61.05;61.05;0
USDRUB;D;221018;000000;60.5;60.5;60.5;60.5;0
USDRUB;D;221019;000000;61.775;61.875;61.75;61.85;5
USDRUB;D;221020;000000;61.175;61.5;61.15;61.5;2
USDRUB;D;221021;000000;60.65;60.65;60.65;60.65;0
USDRUB;D;221024;000000;61;61;61;61;0
USDRUB;D;221025;000000;60.25;60.25;60.25;60.25;0
USDRUB;D;221026;000000;61;62;60.325;61.25;892
USDRUB;D;221027;000000;61.3;61.3;61.3;61.3;0
USDRUB;D;221028;000000;61.5;61.5;61.5;61.5;0
USDRUB;D;221030;000000;61.5;61.5;61.5;61.5;1
USDRUB;D;221031;000000;61;61;61;61;0
USDRUB;D;221101;000000;61.37;61.75;61.3;61.75;3
USDRUB;D;221102;000000;61.1;62.05;60.7;60.7;9
USDRUB;D;221103;000000;61.35;61.35;61.35;61.35;0
USDRUB;D;221104;000000;61.833;62.18;61.833;61.9;2
USDRUB;D;221106;000000;60.95;60.95;60.95;60.95;1
USDRUB;D;221107;000000;60.7;60.7;60.7;60.7;0
USDRUB;D;221108;000000;60.5;60.5;60.5;60.5;0
USDRUB;D;221109;000000;60.45;60.45;60.45;60.45;0
USDRUB;D;221110;000000;60.525;60.525;60.525;60.525;0
USDRUB;D;221111;000000;59.75;60.825;58.985;59.55;1012
USDRUB;D;221113;000000;60.025;60.025;59.55;59.55;46
USDRUB;D;221114;000000;60.375;60.375;60.375;60.375;0
USDRUB;D;221115;000000;61.3;61.3;61.3;61.3;0
USDRUB;D;221116;000000;59.77;59.77;59.77;59.77;0
USDRUB;D;221117;000000;60.148;60.35;59.525;59.525;4
USDRUB;D;221118;000000;59.46;59.46;59.46;59.46;0
USDRUB;D;221120;000000;59.85;59.85;59.85;59.85;4
USDRUB;D;221121;000000;61.075;61.075;61.075;61.075;0
USDRUB;D;221122;000000;60.65;60.65;60.65;60.65;0
USDRUB;D;221123;000000;59.8;59.8;59.8;59.8;0
USDRUB;D;221124;000000;60.35;60.35;60.35;60.35;0
USDRUB;D;221125;000000;59.75;59.75;59.75;59.75;0
USDRUB;D;221128;000000;60.1347;60.85;59.2601;60.85;58
USDRUB;D;221129;000000;60.83;60.83;60.83;60.83;0
USDRUB;D;221130;000000;60.5346;60.925;60.5346;60.925;2
USDRUB;D;221201;000000;61.2;61.2;61.2;61.2;0
USDRUB;D;221202;000000;61.57;61.57;61.57;61.57;0
USDRUB;D;221204;000000;61.5;61.5;61.5;61.5;1
USDRUB;D;221205;000000;62.272;62.272;61.625;61.625;2
USDRUB;D;221206;000000;62.4;62.4;62.4;62.4;0
USDRUB;D;221207;000000;62.547;62.547;62.547;62.547;0
USDRUB;D;221208;000000;62.4;62.4;62.4;62.4;0
USDRUB;D;221209;000000;62.5;62.5;62.5;62.5;0
USDRUB;D;221211;000000;62.5;62.5;62.5;62.5;3
USDRUB;D;221212;000000;62.25;62.25;62.25;62.25;0
USDRUB;D;221213;000000;63.2;63.2;62.822;62.822;2
USDRUB;D;221214;000000;63.197;64.747;62.698;64.747;78
USDRUB;D;221215;000000;63.65;63.65;63.65;63.65;0
USDRUB;D;221216;000000;63.875;63.875;63.875;63.875;0
USDRUB;D;221218;000000;64;64;64;64;6
USDRUB;D;221219;000000;66;66;66;66;0
USDRUB;D;221220;000000;69.25;69.25;69.25;69.25;0
USDRUB;D;221221;000000;71.42;71.42;71.42;71.42;0
USDRUB;D;221222;000000;67;67;67;67;0
USDRUB;D;221223;000000;68;68;68;68;0
USDRUB;D;221226;000000;69.247;69.247;69.247;69.247;0
USDRUB;D;221227;000000;69;69;69;69;0
USDRUB;D;221228;000000;71.75;71.75;71.75;71.75;0
USDRUB;D;221229;000000;71.73;74.4;70.575;73;514
USDRUB;D;221230;000000;72.5;72.5;72.5;72.5;0
USDRUB;D;230101;000000;73.65;73.65;73.65;73.65;1
USDRUB;D;230102;000000;71.0007;71.0007;71.0007;71.0007;0
USDRUB;D;230103;000000;72.6716;72.6716;72.6716;72.6716;0
USDRUB;D;230104;000000;71.5;71.5;71.5;71.5;0
USDRUB;D;230105;000000;71.5207;72.972;70.98;72.147;503
USDRUB;D;230106;000000;72.4878;72.4878;72.4878;72.4878;0
USDRUB;D;230108;000000;72.3607;72.4807;71.48;72.429;15
USDRUB;D;230109;000000;69.9112;69.9112;69.9112;69.9112;0
USDRUB;D;230110;000000;69.6647;69.6647;69.6647;69.6647;0
USDRUB;D;230111;000000;69.1427;69.1427;69.1427;69.1427;0
USDRUB;D;230112;000000;66.35;66.35;66.35;66.35;0
USDRUB;D;230113;000000;67.794;68.9958;67.7713;68.9958;11
USDRUB;D;230115;000000;68.976;68.976;68.9;68.976;6
USDRUB;D;230116;000000;68.7385;68.7385;68.7385;68.7385;0
USDRUB;D;230117;000000;68.59;68.726;68.59;68.726;1
USDRUB;D;230118;000000;69.1779;69.1779;69.1779;69.1779;0
USDRUB;D;230119;000000;69.3972;69.3972;69.3972;69.3972;0
USDRUB;D;230120;000000;69.101;69.101;69.101;69.101;0
USDRUB;D;230122;000000;67.23;69.0605;67.23;69.0411;7
USDRUB;D;230123;000000;68.9687;68.9687;68.9687;68.9687;0
USDRUB;D;230124;000000;68.85;69.4451;68.73;69.4451;2
USDRUB;D;230125;000000;69.205;69.205;69.205;69.205;0
USDRUB;D;230126;000000;69.665;69.665;69.665;69.665;0
USDRUB;D;230127;000000;69.5;69.7494;69.5;69.7494;1
USDRUB;D;230129;000000;69.733;69.75;68.732;68.732;21
USDRUB;D;230130;000000;69.9098;69.9098;69.9098;69.9098;0
USDRUB;D;230131;000000;69.125;69.125;69.125;69.125;0
USDRUB;D;230201;000000;69.882;69.882;69.14;69.14;1
USDRUB;D;230202;000000;70.03;70.03;70.03;70.03;0
USDRUB;D;230203;000000;70.6442;70.6442;70.6442;70.6442;0
USDRUB;D;230205;000000;69.63;70.575;69.03;70.575;14
USDRUB;D;230206;000000;71.4956;71.4956;71.4956;71.4956;0
USDRUB;D;230207;000000;71.4984;72.3486;69.625;72.1489;886
USDRUB;D;230208;000000;72.476;72.476;72.476;72.476;0
USDRUB;D;230209;000000;73.0479;73.0479;73.0479;73.0479;0
USDRUB;D;230210;000000;73.086;73.086;73.086;73.086;0
USDRUB;D;230213;000000;73.7919;73.7919;73.7919;73.7919;1
USDRUB;D;230214;000000;73.4262;73.4262;73.4262;73.4262;1
USDRUB;D;230215;000000;74.325;74.767;73.15;74.091;20
USDRUB;D;230216;000000;74.63;74.68;74.63;74.68;12
USDRUB;D;230217;000000;74.7087;75.275;72.65;73.6381;3923
USDRUB;D;230219;000000;72.63;72.63;72.3;72.3;2
USDRUB;D;230220;000000;75.4889;75.4889;75.4889;75.4889;0
USDRUB;D;230221;000000;74.9186;74.9207;74.9186;74.9207;1
USDRUB;D;230222;000000;75.4335;75.4335;75.4335;75.4335;0
USDRUB;D;230223;000000;75.7286;75.7286;75.7286;75.7286;0
USDRUB;D;230224;000000;76.0129;76.0129;76.0129;76.0129;0
USDRUB;D;230226;000000;75.98;75.98;75.98;75.98;2
USDRUB;D;230227;000000;74.9097;74.9097;74.9097;74.9097;0
USDRUB;D;230228;000000;74.94;75.0439;74.76;75.0439;11
USDRUB;D;230301;000000;75.205;75.25;75.205;75.25;2
USDRUB;D;230302;000000;74.525;74.525;74.525;74.525;0
USDRUB;D;230303;000000;75.501;75.7041;74.325;75.7041;822
USDRUB;D;230305;000000;75.675;75.675;75.675;75.675;3
USDRUB;D;230306;000000;75.675;75.8642;74.375;75.3936;806
USDRUB;D;230307;000000;75.3948;75.979;74.3;75.5975;605
USDRUB;D;230308;000000;75.5974;76.533;75;76.0486;462
USDRUB;D;230309;000000;76.0474;76.1945;74.775;75.8478;543
USDRUB;D;230310;000000;75.8438;76.414;74.85;76.175;803
USDRUB;D;230312;000000;75.18;75.18;75.18;75.18;1
USDRUB;D;230313;000000;75.18;76.175;73.9;75.5467;938
USDRUB;D;230314;000000;75.5723;75.98;74.1;75.7397;847
USDRUB;D;230315;000000;75.7539;76.5529;74.525;76.0985;676
USDRUB;D;230316;000000;76.1326;77.6432;75.015;76.499;1005
USDRUB;D;230317;000000;76.4958;77.3238;75.45;76.9438;907
USDRUB;D;230319;000000;75.94;75.94;75.94;75.94;1
USDRUB;D;230320;000000;75.94;77.686;75.625;77.4881;902
USDRUB;D;230321;000000;77.4903;77.5141;75.675;77.2482;942
USDRUB;D;230322;000000;77.2302;77.5097;75.925;76.9254;1033
USDRUB;D;230323;000000;76.9062;77.05;75;75.9967;699
USDRUB;D;230324;000000;75.996;77.3103;74.975;77.2707;886
USDRUB;D;230326;000000;76.26;76.26;76.26;76.26;3
USDRUB;D;230327;000000;77.2194;77.2356;75.625;76.85;1880
USDRUB;D;230328;000000;76;77.15;75.55;76.5715;4384
USDRUB;D;230329;000000;76.5439;77.379;75.85;77.323;1944
USDRUB;D;230330;000000;77.3296;77.362;76.1;77.2731;1157
USDRUB;D;230331;000000;77.2677;78.001;76.17;77.976;911
USDRUB;D;230402;000000;76.98;76.98;76.98;76.98;9
USDRUB;D;230403;000000;77.9271;78.874;76.525;78.6548;923
USDRUB;D;230404;000000;78.6511;80.197;77.63;79.2984;871
USDRUB;D;230405;000000;79.3059;80.461;78.225;80.1949;2716
USDRUB;D;230406;000000;80.2;81.804;79.1;81.175;3128
USDRUB;D;230407;000000;80.18;82.65;80.1;80.53;157
USDRUB;D;230409;000000;80.53;80.53;80.53;80.53;3
USDRUB;D;230410;000000;80.53;82.525;80.53;81.63;186
USDRUB;D;230411;000000;81.63;82.606;80.325;81.0874;867
USDRUB;D;230412;000000;81.0918;82.5957;80.8;82.0464;1173
USDRUB;D;230413;000000;82.0509;82.36;80.655;81.6961;911
USDRUB;D;230414;000000;81.7112;82.325;80.5;82.2773;760
USDRUB;D;230416;000000;82.251;82.251;82.251;82.251;3
USDRUB;D;230417;000000;82.351;82.5467;80.475;82.0464;2863
USDRUB;D;230418;000000;82.04;82.0573;80.34;81.7992;1074
USDRUB;D;230419;000000;81.789;82.0854;80.6;81.6964;592
USDRUB;D;230420;000000;81.6886;81.8141;80.28;81.7946;761
USDRUB;D;230421;000000;81.7988;81.974;80.325;81.876;1065
USDRUB;D;230423;000000;81.876;81.876;81.876;81.876;6
USDRUB;D;230424;000000;81.4335;81.876;80.15;81.4771;1191
USDRUB;D;230425;000000;81.4919;81.887;80.275;81.6914;867
USDRUB;D;230426;000000;81.6945;83.4;80.475;81.7957;793
USDRUB;D;230427;000000;81.794;82.075;80.225;81.8452;1197
USDRUB;D;230428;000000;81.8384;81.8548;77.9;79.43;657
USDRUB;D;230430;000000;79.951;79.951;79.951;79.951;7
USDRUB;D;230501;000000;80.0193;80.032;77.875;79.68;33
USDRUB;D;230502;000000;79.68;80.5433;78.4;80.1068;1066
USDRUB;D;230503;000000;80.1006;80.1195;77;79.4982;947
USDRUB;D;230504;000000;79.4954;79.515;76.855;78.6448;1056
USDRUB;D;230505;000000;78.6523;78.6542;75.555;77.785;912
USDRUB;D;230507;000000;76.79;76.79;76.79;76.79;2
USDRUB;D;230508;000000;77.4092;78.4546;75.5;77.7224;445
USDRUB;D;230509;000000;77.701;78.425;76.3;77.9931;564
USDRUB;D;230510;000000;77.9899;78.08;74.8738;76.1112;972
USDRUB;D;230511;000000;76.1083;77.834;74.075;76.994;1111
USDRUB;D;230512;000000;76.9914;78.223;75.55;77.6739;521
USDRUB;D;230514;000000;76.66;76.66;76.66;76.66;2
USDRUB;D;230515;000000;76.66;80.0015;76.66;79.748;1621
USDRUB;D;230516;000000;79.7383;80.816;78.75;80.4807;949
USDRUB;D;230517;000000;80.479;81.05;79.2;79.7477;874
USDRUB;D;230518;000000;79.7487;80.5;78.88;80.3976;8702
USDRUB;D;230519;000000;80.3902;80.645;78.925;80.0947;12058
USDRUB;D;230521;000000;80.525;80.525;80.525;80.525;4
USDRUB;D;230522;000000;79.9948;80.525;78.6;80.4968;10809
USDRUB;D;230523;000000;80.5029;80.717;79.018;80.1563;4851
USDRUB;D;230524;000000;80.1481;80.6193;78.81;80.0961;922
USDRUB;D;230525;000000;80.1105;80.366;78.882;80.001;9226
USDRUB;D;230526;000000;80.0187;80.8022;78.55;78.9945;8838
USDRUB;D;230528;000000;77.98;77.98;77.98;77.98;1
USDRUB;D;230529;000000;79.98;81.012;78.98;80.2457;4158
USDRUB;D;230530;000000;80.2479;81.4;75.155;75.1764;16970
USDRUB;D;230531;000000;75.1763;81.5674;75.155;81.5487;764
USDRUB;D;230601;000000;81.5566;81.5765;79.85;80.9981;9859
USDRUB;D;230602;000000;80.9878;81.5108;79.6;80.7903;7017
USDRUB;D;230604;000000;80.775;80.775;80.775;80.775;2
USDRUB;D;230605;000000;80.903;81.948;79.6;80.5934;10720
USDRUB;D;230606;000000;80.5956;81.6706;79.632;81.3424;6417
USDRUB;D;230607;000000;81.3377;82.0139;80.368;81.544;7570
USDRUB;D;230608;000000;81.5434;82.8;80.9;82.0133;2046
USDRUB;D;230609;000000;82.0088;82.9513;81.43;82.7213;7283
USDRUB;D;230611;000000;81.705;81.705;81.705;81.705;7
USDRUB;D;230612;000000;81.705;83.8858;81.35;83.8699;523
USDRUB;D;230613;000000;83.8749;84.235;82.25;83.9463;6741
USDRUB;D;230614;000000;83.9476;84.8903;82.88;83.9935;3119
USDRUB;D;230615;000000;83.9945;84.5093;82.3;83.4741;519
USDRUB;D;230616;000000;83.4702;84.2;82.455;83.8729;11214
USDRUB;D;230618;000000;82.855;82.855;82.855;82.855;17
USDRUB;D;230619;000000;82.855;84.5086;82.83;83.8446;4915
USDRUB;D;230620;000000;83.8448;84.93;82.83;83.8434;9433
USDRUB;D;230621;000000;83.8498;84.86;82.85;83.6429;9233
USDRUB;D;230622;000000;83.6471;84.063;80.955;80.9878;8941
USDRUB;D;230623;000000;80.985;85.4996;80.955;83.6402;6933
USDRUB;D;230625;000000;82.63;82.63;82.63;82.63;4
USDRUB;D;230626;000000;84;85.18;83.5;84.4086;389
USDRUB;D;230627;000000;84.4041;85.565;83.75;85.3731;6795
USDRUB;D;230628;000000;85.3648;86.851;84.2;86.0051;867
USDRUB;D;230629;000000;86.0142;87.7669;84.98;86.8506;8106
USDRUB;D;230630;000000;86.864;89.775;85.84;88.8;4904
USDRUB;D;230702;000000;88.8;88.8;88.8;88.8;7
USDRUB;D;230703;000000;88.1069;89.922;87.75;89.4958;6357
USDRUB;D;230704;000000;89.496;91.0092;87.5;90.9932;4844
USDRUB;D;230705;000000;90.9947;91.2536;88.56;91.2449;6305
USDRUB;D;230706;000000;91.2793;94.4775;89.75;91.2528;919
USDRUB;D;230707;000000;91.2469;92.384;89.976;91.235;707
USDRUB;D;230709;000000;90.24;90.24;90.24;90.24;13
USDRUB;D;230710;000000;90.24;93.98;89.53;91.0966;8681
USDRUB;D;230711;000000;91.1072;91.1072;89.125;90.4903;12364
USDRUB;D;230712;000000;90.4972;90.955;89;90.4984;11273
USDRUB;D;230713;000000;90.5004;91.27;88.825;90.1198;10087
USDRUB;D;230714;000000;90.1314;90.5856;88.975;90.226;13415
USDRUB;D;230716;000000;90.226;90.226;90.226;90.226;4
USDRUB;D;230717;000000;90.226;90.87;89.2;90.5998;12917
USDRUB;D;230718;000000;90.6093;91.201;89.327;90.9925;12677
USDRUB;D;230719;000000;90.9867;91.953;89;91.9445;11467
USDRUB;D;230720;000000;91.9541;91.9641;89.45;90.1012;12091
USDRUB;D;230721;000000;90.1021;91.0948;89.255;90.976;12656
USDRUB;D;230723;000000;90.976;90.976;90.55;90.976;12
USDRUB;D;230724;000000;90.976;91.027;89.25;90.444;12970
USDRUB;D;230725;000000;90.4398;90.633;88.95;90.1944;1221
USDRUB;D;230726;000000;90.1916;90.413;88.9;89.9979;12719
USDRUB;D;230727;000000;89.9952;90.8146;88.848;90.6989;12193
USDRUB;D;230728;000000;90.6961;92.251;89.268;92.0567;14341
USDRUB;D;230730;000000;92.035;92.035;92.035;92.035;1
USDRUB;D;230731;000000;92.035;92.493;90;91.6459;3695
USDRUB;D;230801;000000;91.64;92.4175;90.5;92.397;7039
USDRUB;D;230802;000000;92.3901;94.4324;91.075;94.0387;9755
USDRUB;D;230803;000000;94.0576;94.7403;92.415;94.4765;9912
USDRUB;D;230804;000000;93.850999;96.7649;93.23;95.862;6995
USDRUB;D;230806;000000;95.851;95.851;95.851;95.851;10
USDRUB;D;230807;000000;95.851;97.048;94.375;95.3826;7376
USDRUB;D;230808;000000;95.3696;97.3492;94.375;97.2054;8204
USDRUB;D;230809;000000;96.2854;98.126;94;96.8701;511
USDRUB;D;230810;000000;96.8681;97.85;95.45;97.0244;6965
USDRUB;D;230811;000000;97.0152;99.5453;96.2;98.527;1051
USDRUB;D;230813;000000;98.527;98.527;98.527;98.527;4
USDRUB;D;230814;000000;98.527;102.355;95;95.98;8324
USDRUB;D;230815;000000;98.4964;99.601;94.546;97.98;5272
USDRUB;D;230816;000000;98.2258;98.2258;92;96.33;7023
USDRUB;D;230817;000000;94.5931;95.626;91.05;93.895;7085
USDRUB;D;230818;000000;93.47;94.726;91.78;92.98;10406
USDRUB;D;230820;000000;92.98;92.98;92.98;92.98;2
USDRUB;D;230821;000000;92.98;94.8571;92;93.4375;7548
USDRUB;D;230822;000000;93.3953;94.69;92.625;93.23;8239
USDRUB;D;230823;000000;94.2439;95;92.625;92.98;12065
USDRUB;D;230824;000000;93.966;95.012;92.98;94.726;8397
USDRUB;D;230825;000000;94.8968;95.8631;92.550999;93.98;6669
USDRUB;D;230827;000000;93.98;94.976;93.98;94.976;13
USDRUB;D;230828;000000;94.976;95.8843;92.98;92.98;9282
USDRUB;D;230829;000000;94.4188;96.2252;92.98;95.4236;1059
USDRUB;D;230830;000000;95.4263;96.976;94.5;96.126;718
USDRUB;D;230831;000000;96.0189;96.775;94;95.869;8145
USDRUB;D;230901;000000;95.8659;96.675;95;96.4187;9617
USDRUB;D;230903;000000;95.385;95.385;95.385;95.385;5
USDRUB;D;230904;000000;96.4185;97.0554;95.25;96.851;7471
USDRUB;D;230905;000000;97.2777;98.0612;95.23;96.74;10471
USDRUB;D;230906;000000;96.76;98.476;96.63;98.3957;8315
USDRUB;D;230907;000000;98.6282;98.6282;96.45;98.4928;7284
USDRUB;D;230908;000000;98.4841;98.55;96.65;96.75;7590
USDRUB;D;230910;000000;97.902;97.902;97.902;97.902;2
USDRUB;D;230911;000000;98.1523;98.2159;94.33;94.33;7974
USDRUB;D;230912;000000;95.3785;96.0076;92.832;95.9489;9655
USDRUB;D;230913;000000;95.9609;97.15;92.98;95.213;12539
USDRUB;D;230914;000000;96.2666;97.033;94.6488;96.2692;10613
USDRUB;D;230915;000000;95.5;97.226;94.775;95.78;8378
USDRUB;D;230917;000000;96.726;96.726;96.726;96.726;1
USDRUB;D;230918;000000;96.88;97.5079;94.95;95.9449;8678
USDRUB;D;230919;000000;95.9375;97.7388;94.7;97.4954;722
USDRUB;D;230920;000000;96.854;97.5562;94.925;96.0181;8338
USDRUB;D;230921;000000;96.095;96.726;94.575;95.08;7995
USDRUB;D;230922;000000;96.4269;96.4269;94.6;95.28;8815
USDRUB;D;230924;000000;94.63;94.63;94.63;94.63;4
USDRUB;D;230925;000000;95.28;96.507;94.75;95.8432;11879
USDRUB;D;230926;000000;95.8554;97.7136;94.2;96.576;8703
USDRUB;D;230927;000000;96.576;97.1046;95.1;97.0718;8412
USDRUB;D;230928;000000;97.0709;97.3815;95.2;96.6536;5413
USDRUB;D;230929;000000;96.6515;97.99;95.61;96.4802;8671
USDRUB;D;231001;000000;96.476;96.476;96.476;96.476;2
USDRUB;D;231002;000000;96.476;99.5986;96.476;99.2399;8524
USDRUB;D;231003;000000;99.2933;100.275;98.05;100.0985;2514
USDRUB;D;231004;000000;100.0617;100.3685;98.158;100.332;8195
USDRUB;D;231005;000000;100.1761;100.2801;98.36;100.132;9114
USDRUB;D;231006;000000;100.1258;101.925;97;100.992;8447
USDRUB;D;231008;000000;99.98;99.98;99.98;99.98;4
USDRUB;D;231009;000000;99.98;102.55;98.25;98.25;9176
USDRUB;D;231010;000000;99.7088;100.7931;95.5443;95.5468;3483
USDRUB;D;231011;000000;95.5451;100.668;95.5027;99.48;8746
USDRUB;D;231012;000000;99.48;100.2615;95.7;97.7232;5244
USDRUB;D;231013;000000;97.7166;97.887;95.92;97.7051;8515
USDRUB;D;231015;000000;97.525;97.525;97.525;97.525;4
USDRUB;D;231016;000000;97.566;98.076;96.225;97.3483;9090
USDRUB;D;231017;000000;97.3507;98.200999;96.275;98.001;6983
USDRUB;D;231018;000000;98.1492;98.152;96.22;97.451;7417
USDRUB;D;231019;000000;97.451;98.121;95.8;96.8436;12058
USDRUB;D;231020;000000;96.5532;97.0152;94.4;95.4391;9304
USDRUB;D;231022;000000;95.675;95.675;95.675;95.675;2
USDRUB;D;231023;000000;95.675;95.8788;93.275;94.4922;9445
USDRUB;D;231024;000000;93.6754;94.5034;92.465;93.451;9399
USDRUB;D;231025;000000;93.4557;94.3307;91.943;93.351;1123
USDRUB;D;231026;000000;94.0693;94.2281;92.475;93.626;7552
USDRUB;D;231027;000000;93.6962;94.8;91.305;94.175;9727
USDRUB;D;231029;000000;93.95;94.425;93.95;94.425;3
USDRUB;D;231030;000000;94.425;94.425;91.55;92.525;6727
USDRUB;D;231031;000000;92.5;93.7;91.025;93.3179;8377
USDRUB;D;231101;000000;93.3047;93.715;91.588;92.55;5041
USDRUB;D;231102;000000;92.55;94.1025;92;94.001;8200
USDRUB;D;231103;000000;94.001;94.001;91.325;92.8202;1182
USDRUB;D;231105;000000;90.85;91.704;90.85;91.704;8
USDRUB;D;231106;000000;91.704;92.8354;91;92.6088;6260
USDRUB;D;231107;000000;93.0787;93.0787;91.03;92.1005;9067
USDRUB;D;231108;000000;92.1054;92.7046;90.85;91.822;5084
USDRUB;D;231109;000000;91.8293;92.3559;90.675;91.679;5960
USDRUB;D;231110;000000;91.6967;92.3449;91.1;92.251;7787
USDRUB;D;231112;000000;92.251;92.251;92.251;92.251;9
USDRUB;D;231113;000000;92.251;92.418;90.4;91.9044;7827
USDRUB;D;231114;000000;91.491;91.853;89.25;90.5;8256
USDRUB;D;231115;000000;90.5;91.188;87.6;89.4076;929
USDRUB;D;231116;000000;89.4331;89.626;87.975;89.326;8566
USDRUB;D;231117;000000;89.3007;90.2502;87.975;89.927;8428
USDRUB;D;231119;000000;88.89;88.89;88.89;88.89;5
USDRUB;D;231120;000000;88.89;89.98;87;88.53;5268
USDRUB;D;231121;000000;88.5897;88.5897;86.8;88.1933;8712
USDRUB;D;231122;000000;88.2193;88.5707;87.2025;88.3816;8793
USDRUB;D;231123;000000;88.451;89.076;87;88.2839;7517
USDRUB;D;231124;000000;88.2679;89.876;87.375;89.2945;9601
USDRUB;D;231126;000000;89.476;89.476;89.476;89.476;3
USDRUB;D;231127;000000;89.3995;89.476;87.5;89.0698;7352
USDRUB;D;231128;000000;89.0519;89.6621;87.25;89.101;6518
USDRUB;D;231129;000000;88.7827;89.3301;87.5;88.6797;7395
USDRUB;D;231130;000000;88.6809;90.1091;87.4;90.076;7599
USDRUB;D;231201;000000;89.9561;91.2409;88.5;90.55;8413
USDRUB;D;231203;000000;90.55;90.55;90.55;90.55;3
USDRUB;D;231204;000000;90.55;91.6348;89.625;91.5165;6041
USDRUB;D;231205;000000;91.7036;92.6332;90.183;92.5939;13411
USDRUB;D;231206;000000;92.5947;93.326;90.183;92.9162;6165
USDRUB;D;231207;000000;92.8908;93.53;91.4;92.376;7019
USDRUB;D;231208;000000;93.0594;93.0594;90.05;91.826;7594
USDRUB;D;231210;000000;91.826;91.826;91.826;91.826;2
USDRUB;D;231211;000000;91.826;92.18;89.75;91.1138;3498
USDRUB;D;231212;000000;91.1206;91.1398;88.9;90.2932;2419
USDRUB;D;231213;000000;90.296;90.3167;88.35;89.3061;6992
USDRUB;D;231214;000000;89.701;90.5046;88.475;89.451;7655
USDRUB;D;231215;000000;89.5207;90.9281;88.497;90.625;8452
USDRUB;D;231217;000000;90.425;90.425;90.425;90.425;2
USDRUB;D;231218;000000;90.425;90.775;89.025;90.5204;360
USDRUB;D;231219;000000;90.425;91.0325;89;90.4653;6658
USDRUB;D;231220;000000;90.4858;91.425;89.58;91.0968;7440
USDRUB;D;231221;000000;91.1026;93.126;89.948;92.8924;3636
USDRUB;D;231222;000000;92.9813;93.05;90.625;92.1147;8056
USDRUB;D;231225;000000;92.101;92.47;89.652;91.965;4062
USDRUB;D;231226;000000;91.963;92.225;90.6;91.62;4644
USDRUB;D;231227;000000;91.605;92.501;90.5;91.6478;7077
USDRUB;D;231228;000000;91.6488;91.6488;87.5;88.473;8680
USDRUB;D;231229;000000;88.471;90.5778;87.75;89.351;442
USDRUB;D;231231;000000;89.351;89.351;89.351;89.351;2
USDRUB;D;240101;000000;89.351;89.351;89.351;89.351;1
USDRUB;D;240102;000000;89.351;91.0418;89.25;90.4273;285
USDRUB;D;240103;000000;90.4242;92.0277;89.55;91.9928;7299
USDRUB;D;240104;000000;91.726;92.412;90.225;91.3444;8034
USDRUB;D;240105;000000;91.3622;91.683;89.75;90.919;4019
USDRUB;D;240108;000000;90.9;91.36;89.4;90.8969;1776
USDRUB;D;240109;000000;90.7978;91.448;88.375;89.5632;4791
USDRUB;D;240110;000000;89.5612;90.035;88.35;89.3473;6858
USDRUB;D;240111;000000;89.3436;89.3587;87.35;88.4907;6847
USDRUB;D;240112;000000;88.408;88.6483;87.325;87.938;7768
USDRUB;D;240114;000000;87.938;87.938;87.938;87.938;6
USDRUB;D;240115;000000;87.938;88.345;86.7;87.7218;5747
USDRUB;D;240116;000000;87.7262;88.525;86.585;88.086;7412
USDRUB;D;240117;000000;88.0998;89.101;87.375;88.976;7556
USDRUB;D;240118;000000;88.4923;89.726;87.75;89.414;8410
USDRUB;D;240119;000000;89.4213;89.525;87.1;88.05;7942
USDRUB;D;240121;000000;88.05;88.05;88.05;88.05;2
USDRUB;D;240122;000000;88.05;88.565;86.925;87.9932;2624
USDRUB;D;240123;000000;87.9;88.8839;86.825;88.6173;7594
USDRUB;D;240124;000000;88.6215;88.7594;87.3762;88.7529;7007
USDRUB;D;240125;000000;88.7497;89.3329;88;89.0221;8847
USDRUB;D;240126;000000;89.0284;89.9396;88.1;89.7408;6980
USDRUB;D;240129;000000;89.775;90.183;87.78;89.2778;1230
USDRUB;D;240130;000000;89.2715;89.8901;87.975;89.6309;1199
USDRUB;D;240131;000000;89.6268;90.118;88.625;89.9626;7358
USDRUB;D;240201;000000;89.9442;90.6807;89;90.4669;7358
USDRUB;D;240202;000000;90.4618;91.1451;89.325;90.976;6599
USDRUB;D;240204;000000;90.976;90.976;90.625;90.625;4
USDRUB;D;240205;000000;89.9;91.485;89.475;90.5515;6659
USDRUB;D;240206;000000;90.54;91.3;89.525;90.6761;2209
USDRUB;D;240207;000000;90.495;91.6213;90.075;91.5993;1086
USDRUB;D;240208;000000;91.4851;91.572;90.075;91.1689;6651
USDRUB;D;240209;000000;91.1697;91.3856;89.8;91.0008;7388
USDRUB;D;240211;000000;91.351;91.351;91.351;91.351;2
USDRUB;D;240212;000000;90.976;91.3534;89.825;91.2209;4884
USDRUB;D;240213;000000;91.2228;91.675;90.175;91.4948;6513
USDRUB;D;240214;000000;91.4973;91.7661;90.519;91.6443;5069
USDRUB;D;240215;000000;91.6389;92.626;90.525;92.387;8518
USDRUB;D;240216;000000;92.4094;93.4929;90.875;91.992;9996
USDRUB;D;240219;000000;92.975;92.975;91.085;92.3349;9192
USDRUB;D;240220;000000;92.3531;92.902;90.98;92.3449;5196
USDRUB;D;240221;000000;92.3497;93.05;90.5;92.2952;7483
USDRUB;D;240222;000000;92.3001;94.05;91;93.043;7173
USDRUB;D;240223;000000;93.351;95.4762;92.05;94.726;731
USDRUB;D;240225;000000;94.726;94.726;94.726;94.726;1
USDRUB;D;240226;000000;94.875;94.875;90.825;92.346;8006
USDRUB;D;240227;000000;92.3448;92.3643;91.025;92.0235;7633
USDRUB;D;240228;000000;92.0213;92.25;90.4;91.5471;7196
USDRUB;D;240229;000000;91.5474;91.5666;89.75;91.2587;2384
USDRUB;D;240301;000000;91.2679;92.275;90.3013;91.677;8431
USDRUB;D;240303;000000;91.677;91.677;91.677;91.677;3
USDRUB;D;240304;000000;91.6515;91.772;90.275;91.471;7200
USDRUB;D;240305;000000;91.198;91.4598;89.8;90.9863;7777
USDRUB;D;240306;000000;90.851;91.3521;89.185;90.727;27226
USDRUB;D;240307;000000;90.727;91.175;89.5;90.6377;17264
USDRUB;D;240308;000000;90.6439;91.0636;89.575;90.84;354
USDRUB;D;240310;000000;90.84;90.84;90.84;90.84;3
USDRUB;D;240311;000000;90.975;90.976;89.525;90.675;500
USDRUB;D;240312;000000;90.775;91.8822;89.8;91.7511;8630
USDRUB;D;240313;000000;91.75;91.85;90.35;91.3358;2173
USDRUB;D;240314;000000;91.3642;91.808;90.45;91.338;7671
USDRUB;D;240315;000000;91.5896;92.7299;90.625;92.501;7459
USDRUB;D;240317;000000;92.501;92.501;92.501;92.501;13
USDRUB;D;240318;000000;92.375;93.28;90.65;91.7095;8079
USDRUB;D;240319;000000;91.7286;92.826;90.745;92.4887;6759
USDRUB;D;240320;000000;92.4781;92.84;91.25;92.2391;7144
USDRUB;D;240321;000000;92.2399;92.4587;90.675;91.8695;712
USDRUB;D;240322;000000;91.8646;93.5578;90.9;92.1295;542
USDRUB;D;240324;000000;92.101;92.101;92.101;92.101;1
USDRUB;D;240325;000000;92.101;92.9979;91.3;92.9019;508
USDRUB;D;240326;000000;92.8948;93.0156;90;92.466;6964
USDRUB;D;240327;000000;92.4706;92.785;91.15;92.4508;8102
USDRUB;D;240328;000000;92.4547;92.9;91.1;92.5616;9024
USDRUB;D;240329;000000;92.55;92.7559;91.35;92.5888;5759
USDRUB;D;240331;000000;92.475;92.475;91.45;91.45;3
USDRUB;D;240401;000000;92.55;92.6711;91.26;92.262;8128
USDRUB;D;240402;000000;92.262;92.92;91.425;92.4677;8218
USDRUB;D;240403;000000;92.4677;92.65;91.1;92.2952;539
USDRUB;D;240404;000000;92.286;92.59;91.25;92.2523;8244
USDRUB;D;240405;000000;92.2483;92.5916;91.3;92.55;6828
USDRUB;D;240407;000000;92.55;92.55;92.55;92.55;5
USDRUB;D;240408;000000;92.55;92.712;91.2;92.4289;7043
USDRUB;D;240409;000000;92.4237;93.205;91.53;92.8962;7844
USDRUB;D;240410;000000;92.8965;93.9816;91.975;93.2905;8331
USDRUB;D;240411;000000;93.2975;94.35;92.3;93.2808;4717
USDRUB;D;240412;000000;93.3445;94.1483;92.3;93.2899;8410
USDRUB;D;240415;000000;93.215;93.826;92.475;93.5078;6690
USDRUB;D;240416;000000;93.4869;94.3599;92.525;94.1502;7632
USDRUB;D;240417;000000;94.1508;94.6787;93.25;94.0758;8493
USDRUB;D;240418;000000;94.0838;94.751;92.925;93.923;7908
USDRUB;D;240419;000000;93.9185;94.183;91.65;93.0022;8852
USDRUB;D;240421;000000;93.201;93.201;93.201;93.201;1
USDRUB;D;240422;000000;93.001;93.717;92.3762;93.413;8834
USDRUB;D;240423;000000;93.6254;93.79;92.2;93.1861;9434
USDRUB;D;240424;000000;93.2022;93.2369;91.3;92.3139;4429
USDRUB;D;240425;000000;92.3026;92.503;90.9;92.1746;8773
USDRUB;D;240426;000000;92.1772;92.476;90.95;91.8752;8291
USDRUB;D;240428;000000;92.475;92.475;92.105;92.105;3
USDRUB;D;240429;000000;91.8817;93.6565;91.5;93.1617;6952
USDRUB;D;240430;000000;93.1673;93.6619;92.45;93.4587;6390
USDRUB;D;240501;000000;93.5178;94.425;92.25;93.0656;74
USDRUB;D;240502;000000;93.513;94.0113;90.975;91.1236;8701
USDRUB;D;240503;000000;91.1225;93.1407;90.2;91.453;9035
USDRUB;D;240505;000000;91.451;91.451;91.451;91.451;4
USDRUB;D;240506;000000;91.451;92.4001;90.15;91.3383;3772
USDRUB;D;240507;000000;91.3382;91.6639;90;91.4226;763
USDRUB;D;240508;000000;91.4555;92.2837;90.425;91.7463;651
USDRUB;D;240509;000000;91.7489;93.101;91;92.5548;343
USDRUB;D;240510;000000;92.5509;92.7179;91.175;92.6698;5539
USDRUB;D;240513;000000;92.312;92.65;90.398;91.5996;9082
USDRUB;D;240514;000000;91.6014;91.7455;90.32;91.3274;10389
USDRUB;D;240515;000000;91.312;91.4441;90.275;91.2002;7998
USDRUB;D;240516;000000;91.1974;91.225;89.75;90.8646;7268
USDRUB;D;240517;000000;90.8808;91.1603;89.85;90.9958;8317
USDRUB;D;240519;000000;91.05;91.05;91.05;91.05;1
USDRUB;D;240520;000000;91.05;91.476;89.226;90.6872;7790
USDRUB;D;240521;000000;90.706;90.7859;89.225;90.4948;7335
USDRUB;D;240522;000000;90.491;91.226;88.625;90.2035;7441
USDRUB;D;240523;000000;90.1844;91.675;89.225;91.6247;6748
USDRUB;D;240524;000000;91.6268;91.6346;88.25;89.351;7814
USDRUB;D;240527;000000;89.351;89.5998;87.725;88.9354;8521
USDRUB;D;240528;000000;88.9448;89.0083;87.35;88.5802;8179
USDRUB;D;240529;000000;88.5809;89.751;87.7;89.5689;8882
USDRUB;D;240530;000000;89.5721;90.45;88.725;90.2513;8351
USDRUB;D;240531;000000;90.2467;90.476;89.25;90.3807;4174
USDRUB;D;240602;000000;90.355;90.355;90.355;90.355;2
USDRUB;D;240603;000000;90.4;90.4;88.605;89.3186;8342
USDRUB;D;240604;000000;89.2889;89.376;88.266;88.8391;8335
USDRUB;D;240605;000000;88.8537;89.1412;88.241;89.0446;8373
USDRUB;D;240606;000000;89.0381;89.4;88.227;89.3199;9921
USDRUB;D;240607;000000;89.3205;89.4;88.35;89.025;7502
USDRUB;D;240610;000000;89.025;89.372;88.466;88.869;391
USDRUB;D;240611;000000;88.8843;89.3556;88.65;89.2456;404
USDRUB;D;240612;000000;89.2564;89.4237;88.235;89.0044;642
USDRUB;D;240613;000000;88.9993;91.726;85.6;87.8795;904
USDRUB;D;240614;000000;87.8505;90.226;87.8505;89.592;1019
USDRUB;D;240617;000000;89.475;89.592;87.954;88.7191;690
USDRUB;D;240618;000000;88.7144;88.975;85.3;85.3736;427
USDRUB;D;240619;000000;85.3796;86.58;82.48;83.497;705
USDRUB;D;240620;000000;83.4968;87.85;82.48;87.3615;841
USDRUB;D;240621;000000;87.3705;89.5089;86.98;89.101;550
USDRUB;D;240623;000000;87.975;87.975;87.975;87.975;1
USDRUB;D;240624;000000;89.101;89.2261;86.4811;87.9883;475
USDRUB;D;240625;000000;87.9899;88.4959;86.18;87.4957;658
USDRUB;D;240626;000000;87.5164;88.5126;86.5;88.248;644
USDRUB;D;240627;000000;88.258;88.2602;84.525;85.0001;373
USDRUB;D;240628;000000;85.0036;87.2587;84.88;85.7495;422
USDRUB;D;240630;000000;86.226;86.226;86.226;86.226;2
USDRUB;D;240701;000000;86.226;87.5584;84.88;86.7477;337
USDRUB;D;240702;000000;86.7423;88.7432;86.3428;87.8498;452
USDRUB;D;240703;000000;87.8406;88.504;86.78;88.4886;378
USDRUB;D;240704;000000;88.4857;89.1006;87.48;88.9948;390
USDRUB;D;240705;000000;88.9856;89.0149;87.68;88.0132;341
USDRUB;D;240707;000000;88.326;88.326;88.326;88.326;1
USDRUB;D;240708;000000;88.326;88.975;86.6025;86.6141;332
USDRUB;D;240709;000000;86.6146;88.5127;86.4845;87.475;417
USDRUB;D;240710;000000;87.4982;88.975;86.476;88.3395;457
USDRUB;D;240711;000000;88.3333;88.826;86.975;86.9841;398
USDRUB;D;240712;000000;87.0092;88.126;86.98;87.851;525
USDRUB;D;240714;000000;87.975;87.975;87.975;87.975;1
USDRUB;D;240715;000000;87.851;88.6163;87.18;87.9857;385
USDRUB;D;240716;000000;88.0018;88.9;87.38;88.4931;632
USDRUB;D;240717;000000;88.5065;88.6094;87.88;88.4925;432
USDRUB;D;240718;000000;88.4893;88.5086;87.48;88.3965;402
USDRUB;D;240719;000000;88.3948;88.4135;87.025;87.7338;598
USDRUB;D;240721;000000;87.675;87.675;87.675;87.675;3
USDRUB;D;240722;000000;87.88;88.5138;87.3;87.8436;372
USDRUB;D;240723;000000;87.8431;88.275;86.625;87.86;538
USDRUB;D;240724;000000;87.8431;87.8634;86.17;86.2447;395
USDRUB;D;240725;000000;86.2377;87.043;84.825;84.9918;2862
USDRUB;D;240726;000000;84.996;86.38;84.975;86.076;391
USDRUB;D;240729;000000;86.076;86.976;85.325;86.3951;382
USDRUB;D;240730;000000;86.3978;86.7096;85.725;85.7504;548
USDRUB;D;240731;000000;85.7544;86.55;84.9736;84.9986;533
USDRUB;D;240801;000000;85.9929;86.326;85.075;85.5216;567
USDRUB;D;240802;000000;85.576;85.93;85.325;85.425;322
USDRUB;D;240804;000000;85.425;85.425;85.425;85.425;1
USDRUB;D;240805;000000;85.425;85.7631;84.58;84.8743;421
USDRUB;D;240806;000000;84.8863;85.83;84.48;85.6788;590
USDRUB;D;240807;000000;85.626;86.226;84.726;85.6951;401
USDRUB;D;240808;000000;85.7043;87.224;85.6842;86.7438;2224
USDRUB;D;240809;000000;86.7426;88.98;86.68;86.8974;1466
USDRUB;D;240812;000000;88.65;91.975;88.425;90.226;658
USDRUB;D;240813;000000;90.226;93.851;90.226;90.4873;629
USDRUB;D;240814;000000;90.5014;92.976;87.975;89.7922;593
USDRUB;D;240815;000000;89.7988;90.476;88.225;88.9168;482
USDRUB;D;240816;000000;88.9164;89.476;87.725;89.4491;450
USDRUB;D;240818;000000;89.226;89.226;89.226;89.226;11
USDRUB;D;240819;000000;89.226;90.148;88.9626;89.9925;433
USDRUB;D;240820;000000;90.0029;91.88;89.101;91.1501;602
USDRUB;D;240821;000000;91.156;92.3794;90.85;91.4943;486
USDRUB;D;240822;000000;91.4864;92.5185;90.625;91.4996;436
USDRUB;D;240823;000000;91.497;91.78;91.18;91.226;379
USDRUB;D;240825;000000;91.226;91.226;91.226;91.226;4
USDRUB;D;240826;000000;91.226;92.476;91.18;92.0001;362
USDRUB;D;240827;000000;91.9899;92.476;90.925;91.5033;520
USDRUB;D;240828;000000;91.4897;92.076;90.98;91.5023;481
USDRUB;D;240829;000000;91.4812;92.2363;91.08;91.5025;553
USDRUB;D;240830;000000;91.4977;92.2526;90.425;90.425;377
USDRUB;D;240901;000000;90.425;90.425;90.425;90.425;4
USDRUB;D;240902;000000;90.425;91.78;89.1;89.7907;389
USDRUB;D;240903;000000;89.797;90.126;86.575;87.8778;710
USDRUB;D;240904;000000;87.8733;89.98;87.225;87.5045;517
USDRUB;D;240905;000000;87.5019;90.6279;87.477;88.2512;521
USDRUB;D;240906;000000;88.2491;90.4782;88.226;90.3478;427
USDRUB;D;240908;000000;90.725;90.725;90.275;90.275;3
USDRUB;D;240909;000000;90.275;91.2906;89.68;90.476;423
USDRUB;D;240910;000000;90.5748;91.6293;89.975;90.9957;535
USDRUB;D;240911;000000;91.0026;92.201;90.475;91.5752;459
USDRUB;D;240912;000000;91.571;91.6825;89.1799;89.1952;355
USDRUB;D;240913;000000;89.1996;91.5089;89.175;91.076;422
USDRUB;D;240915;000000;91.076;91.076;91.076;91.076;4
USDRUB;D;240916;000000;90.4557;91.5133;90.428;91.3901;388
USDRUB;D;240917;000000;91.3979;91.6086;90.376;91.4948;535
USDRUB;D;240918;000000;91.5006;93.8556;90.625;93.6124;490
USDRUB;D;240919;000000;93.6282;93.675;91.63;92.8;519
USDRUB;D;240920;000000;92.1626;93.1256;92.15;92.55;453
USDRUB;D;240922;000000;92.725;92.975;92.725;92.975;2
USDRUB;D;240923;000000;92.55;93.3887;91.4588;91.4666;378
USDRUB;D;240924;000000;91.4709;93.525;91.451;92.7905;402
USDRUB;D;240925;000000;92.7939;92.98;91.2307;92.4974;434
USDRUB;D;240926;000000;92.5068;92.8573;91.725;92.6117;404
USDRUB;D;240927;000000;92.6158;94.3373;92.325;93.3;401
USDRUB;D;240929;000000;93.3;93.3;93.3;93.3;2
USDRUB;D;240930;000000;94.2551;94.3223;92.725;92.851;235
USDRUB;D;241001;000000;92.99;95.8723;92.675;95.8552;318
USDRUB;D;241002;000000;95.8353;95.8597;93.98;95.6439;438
USDRUB;D;241003;000000;95.6511;95.6657;94.38;94.4978;422
USDRUB;D;241004;000000;94.4861;96.0201;94.476;95.226;445
USDRUB;D;241007;000000;95.226;96.512;94.976;96.202;301
USDRUB;D;241008;000000;96.196;96.8154;95.98;96.7516;432
USDRUB;D;241009;000000;96.7466;98.0185;96.28;97.525;414
USDRUB;D;241010;000000;96.9932;97.6084;96.5654;96.5937;363
USDRUB;D;241011;000000;96.5913;97.18;95.175;95.8232;393
USDRUB;D;241013;000000;96.076;96.076;96.076;96.076;2
USDRUB;D;241014;000000;96.076;96.475;95.5576;95.5936;333
USDRUB;D;241015;000000;95.925;98.576;94.474;97.0026;1060
USDRUB;D;241016;000000;96.9949;97.726;96.68;97.4968;3111
USDRUB;D;241017;000000;97.4951;97.7217;96.68;97.3832;3128
USDRUB;D;241018;000000;97.3997;97.4114;95.225;96.68;2907
USDRUB;D;241020;000000;96.68;96.68;96.68;96.68;3
USDRUB;D;241021;000000;96.68;97.525;95.725;96.7937;287
USDRUB;D;241022;000000;96.7955;97.1015;95.725;95.749;439
USDRUB;D;241023;000000;95.7589;96.8751;95.726;95.9057;364
USDRUB;D;241024;000000;96.2689;97.1446;95.476;96.2517;326
USDRUB;D;241025;000000;96.2436;97.3485;95.476;97.2551;356
USDRUB;D;241028;000000;97.2292;98.0012;96.63;97.2419;323
USDRUB;D;241029;000000;97.2363;97.9815;96.226;97.4909;438
USDRUB;D;241030;000000;97.4837;97.976;96.625;97.0215;411
USDRUB;D;241031;000000;97.0272;97.3905;96.88;97.3813;361
USDRUB;D;241101;000000;97.3764;98.2651;96.975;98.1167;356
USDRUB;D;241103;000000;98.226;98.226;98.226;98.226;4
USDRUB;D;241104;000000;98.226;99.0709;97.38;98.9964;297
USDRUB;D;241105;000000;98.9989;99.0101;97.275;97.7937;482
USDRUB;D;241106;000000;97.8233;99.0579;95.9849;97.2292;441
USDRUB;D;241107;000000;97.2108;98.33;97.1881;98.0024;404
USDRUB;D;241108;000000;97.9894;98.18;96.875;97.6064;369
USDRUB;D;241110;000000;97.425;97.425;97.425;97.425;2
USDRUB;D;241111;000000;97.725;98.725;95.476;95.9924;331
USDRUB;D;241112;000000;95.9932;98.2799;95.476;98.2557;393
USDRUB;D;241113;000000;98.254;98.875;97.721;98.5023;414
USDRUB;D;241114;000000;98.4895;100.726;97.476;99.5582;388
USDRUB;D;241115;000000;99.5291;100.4152;98.975;100.025;353
USDRUB;D;241117;000000;100.025;100.025;100.025;100.025;1
USDRUB;D;241118;000000;99.9443;100.525;99.53;99.7425;351
USDRUB;D;241119;000000;99.7525;101.0827;99.726;100.5708;416
USDRUB;D;241120;000000;100.5615;100.7906;99.7205;100.5963;375
USDRUB;D;241121;000000;100.596;101.4636;99.975;101.076;424
USDRUB;D;241122;000000;101.2953;104.3696;100.33;104.345;413
USDRUB;D;241124;000000;103.326;103.326;103.326;103.326;10
USDRUB;D;241125;000000;103.326;104.326;102.23;103.9662;377
USDRUB;D;241126;000000;103.9383;107.7662;103.53;105.4884;474
USDRUB;D;241127;000000;104.976;114.5326;104.976;113.1501;538
USDRUB;D;241128;000000;113.1557;113.18;106.976;107.9955;538
USDRUB;D;241129;000000;108.0042;109.7783;105.9566;106.5011;349
USDRUB;D;241202;000000;106.9744;108.5306;105.25;106.4981;230
USDRUB;D;241203;000000;106.5046;107.1;104.9769;104.9846;411
USDRUB;D;241204;000000;105.0002;106.025;103.476;104.9975;26959
USDRUB;D;241205;000000;105.0274;105.0302;99.5;100.9943;623
USDRUB;D;241206;000000;101.0002;101.98;98.125;100.5279;24464
USDRUB;D;241208;000000;100.275;100.275;100.275;100.275;5
USDRUB;D;241209;000000;100.275;100.6869;98.3;99.9923;29619
USDRUB;D;241210;000000;99.9981;103.0611;99.476;103.0447;23437
USDRUB;D;241211;000000;103.0608;108.726;101.48;105.5011;23407
USDRUB;D;241212;000000;106.976;106.976;102.5;104.994;23554
USDRUB;D;241213;000000;104.9949;105.0179;102.5;104.5222;21283
USDRUB;D;241215;000000;104.476;104.476;104.476;104.476;1
USDRUB;D;241216;000000;102.5;104.601;102;103.5966;356
USDRUB;D;241217;000000;103.5928;104.6428;101.05;104.596;23825
USDRUB;D;241218;000000;104.5981;105.4521;101.8;104.6704;26670
USDRUB;D;241219;000000;104.6717;104.6969;102.25;103.476;27831
USDRUB;D;241220;000000;103.476;104.226;101.675;103.576;31419
USDRUB;D;241222;000000;103.576;103.576;103.576;103.576;2
USDRUB;D;241223;000000;103.576;103.576;99.375;101.2199;28350
USDRUB;D;241224;000000;101.2259;101.2517;99;99.9986;25819
USDRUB;D;241225;000000;99.917;100.18;99.38;99.48;27854
USDRUB;D;241226;000000;100.0214;100.28;98.93;99.98;63187
USDRUB;D;241227;000000;99.98;106.226;99.25;105.7232;27032
USDRUB;D;241229;000000;106.226;106.226;106.226;106.226;2
USDRUB;D;241230;000000;106.226;110.5122;102.9829;110.4931;18494
USDRUB;D;241231;000000;110.4961;110.5182;104.98;109.726;10025
USDRUB;D;250101;000000;113.6974;113.6974;113.6545;113.655;14
USDRUB;D;250102;000000;113.5416;113.5538;109.5;110.9938;236
USDRUB;D;250103;000000;110.9994;112.0182;110;110.726;287
USDRUB;D;250105;000000;110.726;110.726;110.726;110.726;5
USDRUB;D;250106;000000;110.726;110.726;106.38;107.4961;27821
USDRUB;D;250107;000000;107.5185;107.5185;106;107.2439;311
USDRUB;D;250108;000000;107.2369;107.2758;103.875;104.5054;26488
USDRUB;D;250109;000000;104.4948;105.226;101.125;102.2409;22481
USDRUB;D;250110;000000;102.2445;102.755;100.7;101.7567;22981
USDRUB;D;250112;000000;102.226;102.226;102.226;102.226;2
USDRUB;D;250113;000000;102.226;103.067;101.53;102.7602;27071
USDRUB;D;250114;000000;102.7849;103.5097;101.9787;101.9787;56812
USDRUB;D;250115;000000;102.0095;103.476;101.775;102.4945;34986
USDRUB;D;250116;000000;102.4941;103.6404;101.825;102.43;61940
USDRUB;D;250117;000000;102.43;103.6392;101;102.498;39287
USDRUB;D;250119;000000;102.351;102.351;102;102;6
USDRUB;D;250120;000000;102.351;102.4451;100.5;100.9887;255
USDRUB;D;250121;000000;100.9648;101.83;98.75;99.4984;24819
USDRUB;D;250122;000000;99.4891;99.726;96.5;99.2461;22043
USDRUB;D;250123;000000;99.2511;100.351;98;99.8651;26244
USDRUB;D;250124;000000;99.8588;99.976;97.5;97.55;22744
USDRUB;D;250126;000000;97.55;97.55;97.55;97.55;2
USDRUB;D;250127;000000;97.775;98.38;96.4;97.3834;30166
USDRUB;D;250128;000000;97.55;98.6821;96.98;97.9899;25973
USDRUB;D;250129;000000;97.9897;99.851;97.55;99.2479;26347
USDRUB;D;250130;000000;99.2521;99.276;97.225;98.4979;28984
USDRUB;D;250131;000000;98.4982;98.8955;97.375;98.627;21836
USDRUB;D;250202;000000;98.627;98.627;98.325;98.627;6
USDRUB;D;250203;000000;98.627;100.3856;98.48;99.7415;24686
USDRUB;D;250204;000000;99.767;100.7257;98.625;100.7108;25026
USDRUB;D;250205;000000;100.7062;100.7209;97.125;98.0153;2519
USDRUB;D;250206;000000;97.9894;98.0415;96.225;96.7498;24590
USDRUB;D;250207;000000;96.726;97.8839;96.6;96.75;23477
USDRUB;D;250209;000000;97.226;97.226;96.75;97.226;9
USDRUB;D;250210;000000;97.226;98.05;96.375;96.6198;25644
USDRUB;D;250211;000000;96.6165;97.23;94.25;96.464;28299
USDRUB;D;250212;000000;95.851;96.5443;92.85;93.9832;28813
USDRUB;D;250213;000000;93.9844;94.726;88.75;89.4879;23632
USDRUB;D;250214;000000;89.5002;92.2666;88.976;91.101;23680
USDRUB;D;250216;000000;91.101;91.75;91.101;91.75;4
USDRUB;D;250217;000000;91.101;92.3;90.5;91.4858;24397
USDRUB;D;250218;000000;91.5037;92.369;90.325;91.5458;26766
USDRUB;D;250219;000000;91.5529;91.626;88.675;89.6274;23755
USDRUB;D;250220;000000;89.6128;89.643;87.625;88.6817;29427
USDRUB;D;250221;000000;88.6688;89.4158;87.05;88.496;26628
USDRUB;D;250223;000000;87.476;88.25;87.476;88.25;4
USDRUB;D;250224;000000;88.2922;89.28;87.476;87.7544;26153
USDRUB;D;250225;000000;87.7461;88.126;85.95;86.5957;25700
USDRUB;D;250226;000000;86.585;86.98;85.125;86.8295;25700
USDRUB;D;250227;000000;86.8398;88.28;86.425;87.7025;28299
USDRUB;D;250228;000000;87.6912;89.5125;87.376;89.125;29855
USDRUB;D;250302;000000;89.476;89.476;89.125;89.125;4
USDRUB;D;250303;000000;89.476;90.0648;88.7;89.6914;23585
USDRUB;D;250304;000000;89.7052;89.7734;88.725;89.7576;26663
USDRUB;D;250305;000000;89.7532;90.4721;89;90.3966;25642
USDRUB;D;250306;000000;90.3858;90.4395;88.75;88.9919;1787
USDRUB;D;250307;000000;88.9821;90.0219;86.9611;89.75;26505
USDRUB;D;250309;000000;89.75;89.75;89.75;89.75;2
USDRUB;D;250310;000000;88.75;88.75;87.25;87.6357;275
USDRUB;D;250311;000000;87.5977;88.88;84.875;85.6304;24669
USDRUB;D;250312;000000;85.6224;87.226;85.25;87.1407;25602
USDRUB;D;250313;000000;87.1473;87.1745;85.625;86.2358;380
USDRUB;D;250314;000000;86.2264;86.976;85.1;85.3755;29134
USDRUB;D;250316;000000;85.476;85.476;85.25;85.25;6
USDRUB;D;250317;000000;85.9701;85.9701;82.95;83.4526;28378
USDRUB;D;250318;000000;83.4516;83.4675;80.95;81.7602;22509
USDRUB;D;250319;000000;81.7512;84.226;81.7251;83.9919;28377
USDRUB;D;250320;000000;83.9916;85.726;83.25;84.9199;22364
USDRUB;D;250321;000000;84.9181;84.9554;83.726;84.25;341
USDRUB;D;250323;000000;84.476;84.476;84.25;84.25;5
USDRUB;D;250324;000000;84.476;84.511;83.175;83.8628;328
USDRUB;D;250325;000000;83.8722;84.7635;83.25;84.6226;428
USDRUB;D;250326;000000;84.6177;84.6447;83.45;84.0737;25083
USDRUB;D;250327;000000;84.0687;84.75;83.25;84.4949;24393
USDRUB;D;250328;000000;84.5051;85.7047;83.125;84.7;25160
USDRUB;D;250330;000000;84.7;84.7;84.7;84.7;4
USDRUB;D;250331;000000;84.925;86.4955;82.75;82.9986;23343
USDRUB;D;250401;000000;82.9941;85.2594;82.976;84.5046;22032
USDRUB;D;250402;000000;84.4977;84.976;83.575;84.236;29207
USDRUB;D;250403;000000;84.2759;84.68;83.675;84.077;26796
USDRUB;D;250404;000000;83.8883;85.726;83.65;84.25;23408
USDRUB;D;250406;000000;84.25;84.476;84.25;84.476;12
USDRUB;D;250407;000000;84.3764;86.5339;84.3764;86.149;22656
USDRUB;D;250408;000000;86.141;86.1661;85.15;85.8647;25021
USDRUB;D;250409;000000;85.8609;87.1734;85.325;86.1245;24118
USDRUB;D;250410;000000;85.8829;86.251;83.25;83.488;25014
USDRUB;D;250411;000000;83.4971;85.0367;83;83;25423
USDRUB;D;250413;000000;83;83.226;83;83.226;3
USDRUB;D;250414;000000;84.3305;84.3305;81.9;82.23;62334
USDRUB;D;250415;000000;82.23;83.5634;81.6;83.552;36637
USDRUB;D;250416;000000;83.5333;83.726;81.575;83.0213;26042
USDRUB;D;250417;000000;83.0187;83.726;81.63;82.025;23441
USDRUB;D;250418;000000;82.1511;82.25;80.58;81.625;21930
USDRUB;D;250420;000000;81.625;82.08;81.625;82.08;3
USDRUB;D;250421;000000;81.5501;82.08;78.375;80.98;22047
USDRUB;D;250422;000000;81.2108;81.701;80.375;81.5187;26202
USDRUB;D;250423;000000;81.5102;83.975;81.38;83.0092;25490
USDRUB;D;250424;000000;83.0014;83.525;81.875;83.2063;25012
USDRUB;D;250425;000000;83.2132;83.2356;82.32;82.5;23416
USDRUB;D;250427;000000;82.9;82.9;82.5;82.9;5
USDRUB;D;250428;000000;82.9;83.0536;82.05;82.6431;27935
USDRUB;D;250429;000000;82.637;82.6792;80.75;81.9919;25760
USDRUB;D;250430;000000;82.0039;82.101;81.08;81.9899;29707
USDRUB;D;250501;000000;82.013;82.2767;81.375;82.2229;84
USDRUB;D;250502;000000;82.2058;83.0699;81.28;82.625;24801
USDRUB;D;250504;000000;82.625;82.726;82.625;82.726;3
USDRUB;D;250505;000000;82.7734;82.8854;80.375;80.5012;25100
USDRUB;D;250506;000000;80.4929;82.976;80.226;81.4939;24339
USDRUB;D;250507;000000;81.4992;81.5305;80.476;80.6225;369
USDRUB;D;250508;000000;80.6119;82.75;80.5992;82.4788;26267
USDRUB;D;250509;000000;82.4972;84.601;82.226;82.375;351
USDRUB;D;250511;000000;82.375;82.375;82.375;82.375;4
USDRUB;D;250512;000000;82.63;82.875;80.375;81.0125;25387
USDRUB;D;250513;000000;80.9958;81.013;79.7;79.847;25321
USDRUB;D;250514;000000;79.8475;80.6393;79.725;80.3694;26040
USDRUB;D;250515;000000;80.4001;80.5622;79.75;79.9918;26223
USDRUB;D;250516;000000;79.991;81.0136;79.851;80.875;24566
USDRUB;D;250518;000000;80.875;80.875;80.875;80.875;3
USDRUB;D;250519;000000;80.675;80.98;79.625;80.7532;25764
USDRUB;D;250520;000000;80.7537;80.83;79.375;80.6182;29745
USDRUB;D;250521;000000;80.6095;80.73;79.625;79.826;26626
USDRUB;D;250522;000000;79.907;80.0765;79.2;79.6746;22391
USDRUB;D;250523;000000;79.6754;79.98;79.225;79.375;23515
USDRUB;D;250525;000000;79.626;79.626;79.375;79.375;3
USDRUB;D;250526;000000;79.476;79.875;79.375;79.7442;24772
USDRUB;D;250527;000000;79.7461;80.2654;79.625;80.2528;322
USDRUB;D;250528;000000;80.175;80.4933;79.275;79.9073;26021
USDRUB;D;250529;000000;79.8532;80.076;76.775;76.9017;25402
USDRUB;D;250530;000000;76.8768;79.122;76.8728;77.375;1202
USDRUB;D;250601;000000;76.985;77.375;76.985;77.375;6
USDRUB;D;250602;000000;76.985;79.561;76.985;79.2488;27425
USDRUB;D;250603;000000;79.2438;79.2633;78.3;78.9695;23777
USDRUB;D;250604;000000;78.9603;79.2675;78.275;79.2513;23336
USDRUB;D;250605;000000;79.2456;79.836;77.125;77.235;22183
USDRUB;D;250606;000000;77.2499;79.6129;77.2321;78.725;321
USDRUB;D;250608;000000;78.725;78.725;78.725;78.725;3
USDRUB;D;250609;000000;78.586;79.29;78.425;78.9925;25430
USDRUB;D;250610;000000;78.9931;79.0475;78.3;78.4725;26064
USDRUB;D;250611;000000;78.4753;79.6478;78.09;79.4902;22769
USDRUB;D;250612;000000;79.5001;80.5;79.09;79.9963;1083
USDRUB;D;250613;000000;79.9916;80.0319;79.1;79.7;29155
USDRUB;D;250615;000000;79.69;79.7;79.69;79.69;8
USDRUB;D;250616;000000;79.8792;79.8938;78.25;78.6318;24533
USDRUB;D;250617;000000;78.6291;79.075;78.225;78.4943;25109
USDRUB;D;250618;000000;78.4947;79.0954;78.15;78.4879;24469
USDRUB;D;250619;000000;78.4921;78.63;77.875;78.3747;27579
USDRUB;D;250620;000000;78.3675;78.54;77.875;78.375;23137
USDRUB;D;250622;000000;78.375;78.375;78.375;78.375;3
USDRUB;D;250623;000000;78.485;78.6667;77.975;78.512;22264
USDRUB;D;250624;000000;78.4927;78.86;78.086;78.3698;25096
USDRUB;D;250625;000000;78.3485;78.5003;77.725;78.2394;24905
USDRUB;D;250626;000000;78.247;78.985;78.075;78.7501;24542
USDRUB;D;250627;000000;78.7406;78.7643;77.75;78.375;26026
USDRUB;D;250629;000000;78.375;78.61;78.375;78.61;3
USDRUB;D;250630;000000;78.61;78.6924;78.075;78.1981;30044
USDRUB;D;250701;000000;78.1925;78.6509;78.075;78.4892;25925
USDRUB;D;250702;000000;78.4997;78.9584;78.385;78.9217;25731
USDRUB;D;250703;000000;78.9081;79.115;78.525;79.061;23155
USDRUB;D;250704;000000;79.0711;79.3082;78.59;78.625;25019
USDRUB;D;250706;000000;78.69;78.69;78.625;78.69;8
USDRUB;D;250707;000000;78.69;79.061;78.45;78.6965;314
USDRUB;D;250708;000000;78.674;78.735;78.05;78.5039;23944
USDRUB;D;250709;000000;78.4914;78.5148;77.875;78.14;62777
USDRUB;D;250710;000000;78.14;78.2118;73.925;77.7973;36830
USDRUB;D;250711;000000;77.7928;78.0285;77.475;77.94;24609
USDRUB;D;250713;000000;77.94;77.94;77.875;77.875;6
USDRUB;D;250714;000000;77.94;78.7407;77.575;78.0975;25932
USDRUB;D;250715;000000;78.0728;78.2479;77.475;78.0734;24474
USDRUB;D;250716;000000;78.069;78.4953;77.875;78.2468;23139
USDRUB;D;250717;000000;78.2534;78.69;77.875;77.985;24525
USDRUB;D;250718;000000;77.985;78.69;77.8895;78.375;52848
USDRUB;D;250720;000000;78.69;78.69;78.375;78.375;3
USDRUB;D;250721;000000;78.69;78.69;78.025;78.1943;22735
USDRUB;D;250722;000000;78.1992;78.5175;77.825;78.4906;26039
USDRUB;D;250723;000000;78.4965;78.6584;78.075;78.4006;25642
USDRUB;D;250724;000000;78.4089;79.5582;78.125;79.2423;329
USDRUB;D;250725;000000;79.251;80.0184;79.075;79.225;27477
USDRUB;D;250727;000000;79.225;79.225;79.225;79.225;2
USDRUB;D;250728;000000;79.39;81.3601;79.175;81.3485;25806
USDRUB;D;250729;000000;81.3439;82.611;80.975;81.241;25319
USDRUB;D;250730;000000;81.2409;82.3496;80.325;80.99;62383
USDRUB;D;250731;000000;80.99;81.5909;79.68;81.0883;40734
USDRUB;D;250801;000000;81.1067;81.1462;79.875;79.985;23346
USDRUB;D;250803;000000;79.875;79.985;79.875;79.985;5
USDRUB;D;250804;000000;79.375;80.0197;79.375;79.8228;260
USDRUB;D;250805;000000;79.8064;80.285;79.625;79.9972;25154
USDRUB;D;250806;000000;79.9809;80.3428;79.826;79.9975;24385
USDRUB;D;250807;000000;80.0009;80.211;79.025;79.2427;25931
USDRUB;D;250808;000000;79.2643;80.118;79.2323;79.875;26219
USDRUB;D;250810;000000;79.875;79.875;79.875;79.875;1
USDRUB;D;250811;000000;79.836;80.11;79.3;79.493;24204
USDRUB;D;250812;000000;79.5013;80.11;79.325;79.446;25829
USDRUB;D;250813;000000;79.4434;79.94;79.075;79.4388;22946
USDRUB;D;250814;000000;79.431;79.9269;79.14;79.7519;23006
USDRUB;D;250815;000000;79.751;80.2936;79.625;80.025;28753
USDRUB;D;250817;000000;80.025;80.025;79.84;79.84;5
USDRUB;D;250818;000000;79.84;80.517;79.84;80.4947;23512
USDRUB;D;250819;000000;80.498;80.8115;80.125;80.7703;25715
USDRUB;D;250820;000000;80.7857;80.8103;80.09;80.4927;26548
USDRUB;D;250821;000000;80.5102;80.6124;80.09;80.5725;25179
USDRUB;D;250822;000000;80.569;80.94;80.24;80.425;23131
USDRUB;D;250824;000000;80.69;80.69;80.425;80.425;6
USDRUB;D;250825;000000;80.69;80.8601;80.39;80.6953;30576
USDRUB;D;250826;000000;80.836;80.836;79.925;80.5004;26567
USDRUB;D;250827;000000;80.5107;80.9611;79.975;80.3341;30091
USDRUB;D;250828;000000;80.3379;80.535;79.625;80.4851;25549
USDRUB;D;250829;000000;80.497;80.6535;79.775;79.775;27762
USDRUB;D;250831;000000;79.775;80.34;79.775;79.775;6
USDRUB;D;250901;000000;80.34;80.985;79.875;80.5704;254
USDRUB;D;250902;000000;80.5834;80.66;80.275;80.5487;27209
USDRUB;D;250903;000000;80.5481;81.018;80.275;80.9873;23574
USDRUB;D;250904;000000;80.9953;81.4298;80.5;81.2927;23107
USDRUB;D;250905;000000;81.297;81.5276;81;81.125;25948
USDRUB;D;250907;000000;81.285;81.285;81.125;81.285;7
USDRUB;D;250908;000000;81.285;82.785;81.235;82.4698;24186
USDRUB;D;250909;000000;82.469;83.857;82.4568;83.6941;24827
USDRUB;D;250910;000000;83.6936;85.235;83.61;84.4926;25658
USDRUB;D;250911;000000;84.5073;85.91;84.336;84.76;25184
USDRUB;D;250912;000000;84.5064;85.2461;82.975;83.086;25180
USDRUB;D;250914;000000;83.875;83.875;83.086;83.086;6
USDRUB;D;250915;000000;83.086;83.985;82.225;82.9974;24610
USDRUB;D;250916;000000;82.9876;83.2405;82.19;83.1951;27830
USDRUB;D;250917;000000;83.1978;84.1108;82.45;83.9997;24759
USDRUB;D;250918;000000;84.0114;84.0207;82.79;82.84;24448
USDRUB;D;250919;000000;83.2968;83.985;82.84;83.375;22082
USDRUB;D;250921;000000;83.375;83.375;83.186;83.186;6
USDRUB;D;250922;000000;83.186;84.0443;83.186;83.6169;25770
USDRUB;D;250923;000000;83.6294;83.888;83.125;83.6494;29037
USDRUB;D;250924;000000;83.6651;83.959;83.39;83.7538;26035
USDRUB;D;250925;000000;83.7446;84.1008;83.475;83.9488;9127
USDRUB;D;250926;000000;83.9402;84.2509;83;83.25;22606
USDRUB;D;250928;000000;83.635;83.635;83.25;83.635;8
USDRUB;D;250929;000000;83.635;83.635;82.64;83.0731;25765
USDRUB;D;250930;000000;83.071;83.3023;82.225;82.8964;22671
USDRUB;D;251001;000000;82.9095;82.9152;80.99;82.5003;26792
USDRUB;D;251002;000000;82.4945;82.5673;80.69;82.5389;23197
USDRUB;D;251003;000000;82.5584;82.635;81.14;82.125;23261
USDRUB;D;251005;000000;82.336;82.336;82.125;82.125;3
USDRUB;D;251006;000000;82.336;83.4184;82.19;82.9957;26635
USDRUB;D;251007;000000;83.0064;83.11;81.725;82.0772;24770
USDRUB;D;251008;000000;82.0748;82.686;80.875;81.49;62411
USDRUB;D;251009;000000;81.49;81.985;80.875;81.1685;42207
USDRUB;D;251010;000000;81.1768;82.235;80.975;81.5;20859
USDRUB;D;251012;000000;81.61;81.61;81.5;81.5;5
USDRUB;D;251013;000000;81.61;81.686;80.25;81.1446;26760
USDRUB;D;251014;000000;81.1591;81.1672;78.75;79.4947;25605
USDRUB;D;251015;000000;79.4899;79.79;78.125;78.6468;23058
USDRUB;D;251016;000000;78.6397;81.035;78.2;80.4946;23602
USDRUB;D;251017;000000;80.4875;81.8187;79.89;81.235;25253
USDRUB;D;251019;000000;81.235;81.235;81.05;81.235;7
USDRUB;D;251020;000000;81.235;81.4808;80.65;80.8462;27160
USDRUB;D;251021;000000;80.8404;81.44;80.425;81.3721;26948
USDRUB;D;251022;000000;81.3568;82.0146;81.19;81.4995;30167
USDRUB;D;251023;000000;81.5058;82.375;80.575;81.24;41610
USDRUB;D;251024;000000;81.24;81.5832;79.625;79.985;43058
USDRUB;D;251026;000000;79.985;79.985;79.625;79.625;8
USDRUB;D;251027;000000;79.985;79.985;78.8;79.2471;237
USDRUB;D;251028;000000;79.2457;80.19;79.125;79.2366;26897
USDRUB;D;251029;000000;79.2441;80.11;79.19;79.9995;25359
USDRUB;D;251030;000000;80.0143;80.985;79.485;79.9486;21754
USDRUB;D;251031;000000;79.9464;80.9612;79.836;80.675;24966
USDRUB;D;251102;000000;80.375;80.885;80.375;80.375;5
USDRUB;D;251103;000000;80.885;81.0313;79.9867;80.69;62563
USDRUB;D;251104;000000;80.69;81.11;80.49;80.996;43885
USDRUB;D;251105;000000;80.9994;81.3999;80.34;81.3447;26515
USDRUB;D;251106;000000;81.3536;81.6136;80.89;81.2515;24455
USDRUB;D;251107;000000;81.2509;81.485;80.825;80.825;29221
USDRUB;D;251109;000000;80.825;80.985;80.825;80.985;4
USDRUB;D;251110;000000;80.985;81.39;80.575;81.2504;25532
USDRUB;D;251111;000000;81.2455;81.5931;80.825;80.9413;26333
USDRUB;D;251112;000000;80.9443;81.385;80.875;81.2726;25852
USDRUB;D;251113;000000;81.2778;81.5223;80.29;80.6873;24309
USDRUB;D;251114;000000;80.6973;81.235;80.39;80.725;25233
USDRUB;D;251116;000000;80.885;80.885;80.725;80.725;11
USDRUB;D;251117;000000;80.9486;81.3481;80.69;81.2468;30693
USDRUB;D;251118;000000;81.2466;81.2601;80.85;81.0698;27353
USDRUB;D;251119;000000;81.067;81.083;80.3;80.545;396
USDRUB;D;251120;000000;80.5559;80.74;79.775;80.0266;23831
USDRUB;D;251121;000000;80.046;80.135;78.45;79;29191
USDRUB;D;251123;000000;79.211;79.211;79;79;7
USDRUB;D;251124;000000;79.211;79.275;77.65;78.4973;30352
USDRUB;D;251125;000000;78.492;79.1913;78.285;78.8761;26401
USDRUB;D;251126;000000;78.8581;78.94;78.375;78.491;27812
USDRUB;D;251127;000000;78.4915;78.59;77.85;77.9467;25816
USDRUB;D;251128;000000;77.9491;78.44;77.15;77.4;26003
USDRUB;D;251130;000000;77.4;77.61;77.4;77.61;6
USDRUB;D;251201;000000;77.4561;77.94;77.3794;77.724;22946
USDRUB;D;251202;000000;77.7157;77.77;77.15;77.485;25097
USDRUB;D;251203;000000;77.4408;78.311;76.4;77.59;59781
USDRUB;D;251204;000000;77.59;77.59;75.9;76.0053;53546
USDRUB;D;251205;000000;75.9766;77.3166;75.49;76.4;23182
USDRUB;D;251207;000000;77.285;77.285;76.4;77.285;7
USDRUB;D;251208;000000;77.285;77.285;76.1;76.5362;26279
USDRUB;D;251209;000000;76.5324;77.3427;76.2;77.1926;25506
USDRUB;D;251210;000000;77.1948;78.9;77.025;78.2495;25765
USDRUB;D;251211;000000;78.2464;80.2716;78.2222;80.2631;25169
USDRUB;D;251212;000000;79.735;80.2958;79.19;79.95;30009
USDRUB;D;251214;000000;79.635;79.95;79.635;79.95;6
USDRUB;D;251215;000000;79.635;79.76;78.925;79.488;27999
USDRUB;D;251216;000000;79.4945;79.936;78.95;79.0443;390
USDRUB;D;251217;000000;79.049;80.836;79.0317;80.495;25575
USDRUB;D;251218;000000;80.4943;80.5078;79.69;79.79;63101
USDRUB;D;251219;000000;79.79;81.19;79.79;80.4;51469
USDRUB;D;251221;000000;80.535;80.535;80.4;80.4;8
USDRUB;D;251222;000000;80.535;80.535;78.475;78.7979;26387
USDRUB;D;251223;000000;78.7925;78.836;77.9;77.9962;25170
USDRUB;D;251224;000000;77.9811;79.0141;77.9756;78.9;28669
USDRUB;D;251225;000000;78.9649;78.985;77.1962;78.9;26337
USDRUB;D;251226;000000;77.99;78.35;77.19;78.35;26084
USDRUB;D;251228;000000;77.54;78.35;77.54;78.35;6
USDRUB;D;251229;000000;77.54;78.6108;76.485;78.4954;23494
USDRUB;D;251230;000000;78.4893;79.8211;77.89;79.4946;24305
USDRUB;D;251231;000000;79.499;82.011;78.39;78.65;14481
USDRUB;D;260101;000000;79.0144;79.086;78.65;78.65;19
USDRUB;D;260102;000000;78.9345;80.3265;78.7313;80.2;215
